"Statistic Label","Region","Type of Animal","Year","UNIT","VALUE"
"Number of Livestock in June (1991 - 2004)","Border","Dairy cows","1991","000 Head","137"
"Number of Livestock in June (1991 - 2004)","Border","Dairy cows","1992","000 Head","132.4"
"Number of Livestock in June (1991 - 2004)","Border","Dairy cows","1993","000 Head","130.9"
"Number of Livestock in June (1991 - 2004)","Border","Dairy cows","1994","000 Head","129.7"
"Number of Livestock in June (1991 - 2004)","Border","Dairy cows","1995","000 Head","129.5"
"Number of Livestock in June (1991 - 2004)","Border","Dairy cows","1996","000 Head","133.1"
"Number of Livestock in June (1991 - 2004)","Border","Dairy cows","1997","000 Head","129.7"
"Number of Livestock in June (1991 - 2004)","Border","Dairy cows","1998","000 Head","128.7"
"Number of Livestock in June (1991 - 2004)","Border","Dairy cows","1999","000 Head","123"
"Number of Livestock in June (1991 - 2004)","Border","Dairy cows","2000","000 Head","127.5"
"Number of Livestock in June (1991 - 2004)","Border","Dairy cows","2001","000 Head","129.2"
"Number of Livestock in June (1991 - 2004)","Border","Dairy cows","2002","000 Head","128"
"Number of Livestock in June (1991 - 2004)","Border","Dairy cows","2003","000 Head","122.1"
"Number of Livestock in June (1991 - 2004)","Border","Dairy cows","2004","000 Head","120.5"
"Number of Livestock in June (1991 - 2004)","Border","Other cows","1991","000 Head","164.5"
"Number of Livestock in June (1991 - 2004)","Border","Other cows","1992","000 Head","174"
"Number of Livestock in June (1991 - 2004)","Border","Other cows","1993","000 Head","191.1"
"Number of Livestock in June (1991 - 2004)","Border","Other cows","1994","000 Head","194"
"Number of Livestock in June (1991 - 2004)","Border","Other cows","1995","000 Head","200.2"
"Number of Livestock in June (1991 - 2004)","Border","Other cows","1996","000 Head","212.5"
"Number of Livestock in June (1991 - 2004)","Border","Other cows","1997","000 Head","231.8"
"Number of Livestock in June (1991 - 2004)","Border","Other cows","1998","000 Head","238.2"
"Number of Livestock in June (1991 - 2004)","Border","Other cows","1999","000 Head","234.9"
"Number of Livestock in June (1991 - 2004)","Border","Other cows","2000","000 Head","223.2"
"Number of Livestock in June (1991 - 2004)","Border","Other cows","2001","000 Head","225.1"
"Number of Livestock in June (1991 - 2004)","Border","Other cows","2002","000 Head","216.5"
"Number of Livestock in June (1991 - 2004)","Border","Other cows","2003","000 Head","218.4"
"Number of Livestock in June (1991 - 2004)","Border","Other cows","2004","000 Head","217.2"
"Number of Livestock in June (1991 - 2004)","Border","Bulls","1991","000 Head","2.9"
"Number of Livestock in June (1991 - 2004)","Border","Bulls","1992","000 Head","3.4"
"Number of Livestock in June (1991 - 2004)","Border","Bulls","1993","000 Head","4.2"
"Number of Livestock in June (1991 - 2004)","Border","Bulls","1994","000 Head","4.7"
"Number of Livestock in June (1991 - 2004)","Border","Bulls","1995","000 Head","5.2"
"Number of Livestock in June (1991 - 2004)","Border","Bulls","1996","000 Head","5.9"
"Number of Livestock in June (1991 - 2004)","Border","Bulls","1997","000 Head","6.9"
"Number of Livestock in June (1991 - 2004)","Border","Bulls","1998","000 Head","7.2"
"Number of Livestock in June (1991 - 2004)","Border","Bulls","1999","000 Head","7.6"
"Number of Livestock in June (1991 - 2004)","Border","Bulls","2000","000 Head","8.6"
"Number of Livestock in June (1991 - 2004)","Border","Bulls","2001","000 Head","9.1"
"Number of Livestock in June (1991 - 2004)","Border","Bulls","2002","000 Head","9.6"
"Number of Livestock in June (1991 - 2004)","Border","Bulls","2003","000 Head","9.7"
"Number of Livestock in June (1991 - 2004)","Border","Bulls","2004","000 Head","10.2"
"Number of Livestock in June (1991 - 2004)","Border","Other cattle: 2 years and over","1991","000 Head","128.8"
"Number of Livestock in June (1991 - 2004)","Border","Other cattle: 2 years and over","1992","000 Head","134.7"
"Number of Livestock in June (1991 - 2004)","Border","Other cattle: 2 years and over","1993","000 Head","129.7"
"Number of Livestock in June (1991 - 2004)","Border","Other cattle: 2 years and over","1994","000 Head","129.4"
"Number of Livestock in June (1991 - 2004)","Border","Other cattle: 2 years and over","1995","000 Head","118.6"
"Number of Livestock in June (1991 - 2004)","Border","Other cattle: 2 years and over","1996","000 Head","120.5"
"Number of Livestock in June (1991 - 2004)","Border","Other cattle: 2 years and over","1997","000 Head","114.9"
"Number of Livestock in June (1991 - 2004)","Border","Other cattle: 2 years and over","1998","000 Head","119.9"
"Number of Livestock in June (1991 - 2004)","Border","Other cattle: 2 years and over","1999","000 Head","117.7"
"Number of Livestock in June (1991 - 2004)","Border","Other cattle: 2 years and over","2000","000 Head","115.1"
"Number of Livestock in June (1991 - 2004)","Border","Other cattle: 2 years and over","2001","000 Head","110.3"
"Number of Livestock in June (1991 - 2004)","Border","Other cattle: 2 years and over","2002","000 Head","99.2"
"Number of Livestock in June (1991 - 2004)","Border","Other cattle: 2 years and over","2003","000 Head","105.7"
"Number of Livestock in June (1991 - 2004)","Border","Other cattle: 2 years and over","2004","000 Head","109.5"
"Number of Livestock in June (1991 - 2004)","Border","Other cattle: 1-2 years","1991","000 Head","215.7"
"Number of Livestock in June (1991 - 2004)","Border","Other cattle: 1-2 years","1992","000 Head","210.8"
"Number of Livestock in June (1991 - 2004)","Border","Other cattle: 1-2 years","1993","000 Head","196.5"
"Number of Livestock in June (1991 - 2004)","Border","Other cattle: 1-2 years","1994","000 Head","202.4"
"Number of Livestock in June (1991 - 2004)","Border","Other cattle: 1-2 years","1995","000 Head","198.4"
"Number of Livestock in June (1991 - 2004)","Border","Other cattle: 1-2 years","1996","000 Head","201.9"
"Number of Livestock in June (1991 - 2004)","Border","Other cattle: 1-2 years","1997","000 Head","216.2"
"Number of Livestock in June (1991 - 2004)","Border","Other cattle: 1-2 years","1998","000 Head","222.3"
"Number of Livestock in June (1991 - 2004)","Border","Other cattle: 1-2 years","1999","000 Head","215.8"
"Number of Livestock in June (1991 - 2004)","Border","Other cattle: 1-2 years","2000","000 Head","193.6"
"Number of Livestock in June (1991 - 2004)","Border","Other cattle: 1-2 years","2001","000 Head","200.7"
"Number of Livestock in June (1991 - 2004)","Border","Other cattle: 1-2 years","2002","000 Head","210.1"
"Number of Livestock in June (1991 - 2004)","Border","Other cattle: 1-2 years","2003","000 Head","203.7"
"Number of Livestock in June (1991 - 2004)","Border","Other cattle: 1-2 years","2004","000 Head","205.5"
"Number of Livestock in June (1991 - 2004)","Border","Other cattle: under 1 year","1991","000 Head","248.6"
"Number of Livestock in June (1991 - 2004)","Border","Other cattle: under 1 year","1992","000 Head","239.4"
"Number of Livestock in June (1991 - 2004)","Border","Other cattle: under 1 year","1993","000 Head","242.7"
"Number of Livestock in June (1991 - 2004)","Border","Other cattle: under 1 year","1994","000 Head","242.6"
"Number of Livestock in June (1991 - 2004)","Border","Other cattle: under 1 year","1995","000 Head","245.1"
"Number of Livestock in June (1991 - 2004)","Border","Other cattle: under 1 year","1996","000 Head","261.9"
"Number of Livestock in June (1991 - 2004)","Border","Other cattle: under 1 year","1997","000 Head","274.3"
"Number of Livestock in June (1991 - 2004)","Border","Other cattle: under 1 year","1998","000 Head","277.3"
"Number of Livestock in June (1991 - 2004)","Border","Other cattle: under 1 year","1999","000 Head","263.8"
"Number of Livestock in June (1991 - 2004)","Border","Other cattle: under 1 year","2000","000 Head","255.3"
"Number of Livestock in June (1991 - 2004)","Border","Other cattle: under 1 year","2001","000 Head","260.6"
"Number of Livestock in June (1991 - 2004)","Border","Other cattle: under 1 year","2002","000 Head","256.6"
"Number of Livestock in June (1991 - 2004)","Border","Other cattle: under 1 year","2003","000 Head","256.5"
"Number of Livestock in June (1991 - 2004)","Border","Other cattle: under 1 year","2004","000 Head","245.9"
"Number of Livestock in June (1991 - 2004)","Midland","Dairy cows","1991","000 Head","86.7"
"Number of Livestock in June (1991 - 2004)","Midland","Dairy cows","1992","000 Head","82.7"
"Number of Livestock in June (1991 - 2004)","Midland","Dairy cows","1993","000 Head","81.9"
"Number of Livestock in June (1991 - 2004)","Midland","Dairy cows","1994","000 Head","82.4"
"Number of Livestock in June (1991 - 2004)","Midland","Dairy cows","1995","000 Head","80.8"
"Number of Livestock in June (1991 - 2004)","Midland","Dairy cows","1996","000 Head","81.6"
"Number of Livestock in June (1991 - 2004)","Midland","Dairy cows","1997","000 Head","80.6"
"Number of Livestock in June (1991 - 2004)","Midland","Dairy cows","1998","000 Head","81.5"
"Number of Livestock in June (1991 - 2004)","Midland","Dairy cows","1999","000 Head","78.5"
"Number of Livestock in June (1991 - 2004)","Midland","Dairy cows","2000","000 Head","79.7"
"Number of Livestock in June (1991 - 2004)","Midland","Dairy cows","2001","000 Head","79.9"
"Number of Livestock in June (1991 - 2004)","Midland","Dairy cows","2002","000 Head","78.7"
"Number of Livestock in June (1991 - 2004)","Midland","Dairy cows","2003","000 Head","81.9"
"Number of Livestock in June (1991 - 2004)","Midland","Dairy cows","2004","000 Head","81.4"
"Number of Livestock in June (1991 - 2004)","Midland","Other cows","1991","000 Head","83"
"Number of Livestock in June (1991 - 2004)","Midland","Other cows","1992","000 Head","89.4"
"Number of Livestock in June (1991 - 2004)","Midland","Other cows","1993","000 Head","101.9"
"Number of Livestock in June (1991 - 2004)","Midland","Other cows","1994","000 Head","106.4"
"Number of Livestock in June (1991 - 2004)","Midland","Other cows","1995","000 Head","109.8"
"Number of Livestock in June (1991 - 2004)","Midland","Other cows","1996","000 Head","119.9"
"Number of Livestock in June (1991 - 2004)","Midland","Other cows","1997","000 Head","128.6"
"Number of Livestock in June (1991 - 2004)","Midland","Other cows","1998","000 Head","133.8"
"Number of Livestock in June (1991 - 2004)","Midland","Other cows","1999","000 Head","130.4"
"Number of Livestock in June (1991 - 2004)","Midland","Other cows","2000","000 Head","140.2"
"Number of Livestock in June (1991 - 2004)","Midland","Other cows","2001","000 Head","141"
"Number of Livestock in June (1991 - 2004)","Midland","Other cows","2002","000 Head","142"
"Number of Livestock in June (1991 - 2004)","Midland","Other cows","2003","000 Head","144.7"
"Number of Livestock in June (1991 - 2004)","Midland","Other cows","2004","000 Head","147.9"
"Number of Livestock in June (1991 - 2004)","Midland","Bulls","1991","000 Head","1.9"
"Number of Livestock in June (1991 - 2004)","Midland","Bulls","1992","000 Head","2.2"
"Number of Livestock in June (1991 - 2004)","Midland","Bulls","1993","000 Head","2.7"
"Number of Livestock in June (1991 - 2004)","Midland","Bulls","1994","000 Head","2.8"
"Number of Livestock in June (1991 - 2004)","Midland","Bulls","1995","000 Head","3.1"
"Number of Livestock in June (1991 - 2004)","Midland","Bulls","1996","000 Head","3.7"
"Number of Livestock in June (1991 - 2004)","Midland","Bulls","1997","000 Head","4.1"
"Number of Livestock in June (1991 - 2004)","Midland","Bulls","1998","000 Head","4.3"
"Number of Livestock in June (1991 - 2004)","Midland","Bulls","1999","000 Head","4.8"
"Number of Livestock in June (1991 - 2004)","Midland","Bulls","2000","000 Head","4.9"
"Number of Livestock in June (1991 - 2004)","Midland","Bulls","2001","000 Head","5"
"Number of Livestock in June (1991 - 2004)","Midland","Bulls","2002","000 Head","5.5"
"Number of Livestock in June (1991 - 2004)","Midland","Bulls","2003","000 Head","6"
"Number of Livestock in June (1991 - 2004)","Midland","Bulls","2004","000 Head","6.3"
"Number of Livestock in June (1991 - 2004)","Midland","Other cattle: 2 years and over","1991","000 Head","162.8"
"Number of Livestock in June (1991 - 2004)","Midland","Other cattle: 2 years and over","1992","000 Head","163.8"
"Number of Livestock in June (1991 - 2004)","Midland","Other cattle: 2 years and over","1993","000 Head","158.1"
"Number of Livestock in June (1991 - 2004)","Midland","Other cattle: 2 years and over","1994","000 Head","156.7"
"Number of Livestock in June (1991 - 2004)","Midland","Other cattle: 2 years and over","1995","000 Head","154.6"
"Number of Livestock in June (1991 - 2004)","Midland","Other cattle: 2 years and over","1996","000 Head","157"
"Number of Livestock in June (1991 - 2004)","Midland","Other cattle: 2 years and over","1997","000 Head","148.5"
"Number of Livestock in June (1991 - 2004)","Midland","Other cattle: 2 years and over","1998","000 Head","152.7"
"Number of Livestock in June (1991 - 2004)","Midland","Other cattle: 2 years and over","1999","000 Head","160.5"
"Number of Livestock in June (1991 - 2004)","Midland","Other cattle: 2 years and over","2000","000 Head","156"
"Number of Livestock in June (1991 - 2004)","Midland","Other cattle: 2 years and over","2001","000 Head","133.5"
"Number of Livestock in June (1991 - 2004)","Midland","Other cattle: 2 years and over","2002","000 Head","122.9"
"Number of Livestock in June (1991 - 2004)","Midland","Other cattle: 2 years and over","2003","000 Head","130.8"
"Number of Livestock in June (1991 - 2004)","Midland","Other cattle: 2 years and over","2004","000 Head","128.8"
"Number of Livestock in June (1991 - 2004)","Midland","Other cattle: 1-2 years","1991","000 Head","208.7"
"Number of Livestock in June (1991 - 2004)","Midland","Other cattle: 1-2 years","1992","000 Head","206.3"
"Number of Livestock in June (1991 - 2004)","Midland","Other cattle: 1-2 years","1993","000 Head","200"
"Number of Livestock in June (1991 - 2004)","Midland","Other cattle: 1-2 years","1994","000 Head","198.4"
"Number of Livestock in June (1991 - 2004)","Midland","Other cattle: 1-2 years","1995","000 Head","202.8"
"Number of Livestock in June (1991 - 2004)","Midland","Other cattle: 1-2 years","1996","000 Head","204.6"
"Number of Livestock in June (1991 - 2004)","Midland","Other cattle: 1-2 years","1997","000 Head","216.4"
"Number of Livestock in June (1991 - 2004)","Midland","Other cattle: 1-2 years","1998","000 Head","227.5"
"Number of Livestock in June (1991 - 2004)","Midland","Other cattle: 1-2 years","1999","000 Head","206.9"
"Number of Livestock in June (1991 - 2004)","Midland","Other cattle: 1-2 years","2000","000 Head","188.5"
"Number of Livestock in June (1991 - 2004)","Midland","Other cattle: 1-2 years","2001","000 Head","185.1"
"Number of Livestock in June (1991 - 2004)","Midland","Other cattle: 1-2 years","2002","000 Head","197.7"
"Number of Livestock in June (1991 - 2004)","Midland","Other cattle: 1-2 years","2003","000 Head","205.1"
"Number of Livestock in June (1991 - 2004)","Midland","Other cattle: 1-2 years","2004","000 Head","188.6"
"Number of Livestock in June (1991 - 2004)","Midland","Other cattle: under 1 year","1991","000 Head","172"
"Number of Livestock in June (1991 - 2004)","Midland","Other cattle: under 1 year","1992","000 Head","164.2"
"Number of Livestock in June (1991 - 2004)","Midland","Other cattle: under 1 year","1993","000 Head","170.7"
"Number of Livestock in June (1991 - 2004)","Midland","Other cattle: under 1 year","1994","000 Head","170.4"
"Number of Livestock in June (1991 - 2004)","Midland","Other cattle: under 1 year","1995","000 Head","168.6"
"Number of Livestock in June (1991 - 2004)","Midland","Other cattle: under 1 year","1996","000 Head","176.3"
"Number of Livestock in June (1991 - 2004)","Midland","Other cattle: under 1 year","1997","000 Head","187.3"
"Number of Livestock in June (1991 - 2004)","Midland","Other cattle: under 1 year","1998","000 Head","191.2"
"Number of Livestock in June (1991 - 2004)","Midland","Other cattle: under 1 year","1999","000 Head","177.2"
"Number of Livestock in June (1991 - 2004)","Midland","Other cattle: under 1 year","2000","000 Head","180.5"
"Number of Livestock in June (1991 - 2004)","Midland","Other cattle: under 1 year","2001","000 Head","174.4"
"Number of Livestock in June (1991 - 2004)","Midland","Other cattle: under 1 year","2002","000 Head","187.7"
"Number of Livestock in June (1991 - 2004)","Midland","Other cattle: under 1 year","2003","000 Head","193.4"
"Number of Livestock in June (1991 - 2004)","Midland","Other cattle: under 1 year","2004","000 Head","194.3"
"Number of Livestock in June (1991 - 2004)","West","Dairy cows","1991","000 Head","78.5"
"Number of Livestock in June (1991 - 2004)","West","Dairy cows","1992","000 Head","78.5"
"Number of Livestock in June (1991 - 2004)","West","Dairy cows","1993","000 Head","76.5"
"Number of Livestock in June (1991 - 2004)","West","Dairy cows","1994","000 Head","74.1"
"Number of Livestock in June (1991 - 2004)","West","Dairy cows","1995","000 Head","73.7"
"Number of Livestock in June (1991 - 2004)","West","Dairy cows","1996","000 Head","75.5"
"Number of Livestock in June (1991 - 2004)","West","Dairy cows","1997","000 Head","75.2"
"Number of Livestock in June (1991 - 2004)","West","Dairy cows","1998","000 Head","75.5"
"Number of Livestock in June (1991 - 2004)","West","Dairy cows","1999","000 Head","72.5"
"Number of Livestock in June (1991 - 2004)","West","Dairy cows","2000","000 Head","69.6"
"Number of Livestock in June (1991 - 2004)","West","Dairy cows","2001","000 Head","68.6"
"Number of Livestock in June (1991 - 2004)","West","Dairy cows","2002","000 Head","68"
"Number of Livestock in June (1991 - 2004)","West","Dairy cows","2003","000 Head","67.4"
"Number of Livestock in June (1991 - 2004)","West","Dairy cows","2004","000 Head","65.6"
"Number of Livestock in June (1991 - 2004)","West","Other cows","1991","000 Head","190.3"
"Number of Livestock in June (1991 - 2004)","West","Other cows","1992","000 Head","199.4"
"Number of Livestock in June (1991 - 2004)","West","Other cows","1993","000 Head","217.8"
"Number of Livestock in June (1991 - 2004)","West","Other cows","1994","000 Head","224.4"
"Number of Livestock in June (1991 - 2004)","West","Other cows","1995","000 Head","231.2"
"Number of Livestock in June (1991 - 2004)","West","Other cows","1996","000 Head","246.5"
"Number of Livestock in June (1991 - 2004)","West","Other cows","1997","000 Head","270"
"Number of Livestock in June (1991 - 2004)","West","Other cows","1998","000 Head","281.2"
"Number of Livestock in June (1991 - 2004)","West","Other cows","1999","000 Head","276.3"
"Number of Livestock in June (1991 - 2004)","West","Other cows","2000","000 Head","263.9"
"Number of Livestock in June (1991 - 2004)","West","Other cows","2001","000 Head","266.3"
"Number of Livestock in June (1991 - 2004)","West","Other cows","2002","000 Head","256.1"
"Number of Livestock in June (1991 - 2004)","West","Other cows","2003","000 Head","263.5"
"Number of Livestock in June (1991 - 2004)","West","Other cows","2004","000 Head","267"
"Number of Livestock in June (1991 - 2004)","West","Bulls","1991","000 Head","1.7"
"Number of Livestock in June (1991 - 2004)","West","Bulls","1992","000 Head","2.2"
"Number of Livestock in June (1991 - 2004)","West","Bulls","1993","000 Head","2.6"
"Number of Livestock in June (1991 - 2004)","West","Bulls","1994","000 Head","3"
"Number of Livestock in June (1991 - 2004)","West","Bulls","1995","000 Head","3.3"
"Number of Livestock in June (1991 - 2004)","West","Bulls","1996","000 Head","4"
"Number of Livestock in June (1991 - 2004)","West","Bulls","1997","000 Head","4.6"
"Number of Livestock in June (1991 - 2004)","West","Bulls","1998","000 Head","4.8"
"Number of Livestock in June (1991 - 2004)","West","Bulls","1999","000 Head","5.3"
"Number of Livestock in June (1991 - 2004)","West","Bulls","2000","000 Head","7.2"
"Number of Livestock in June (1991 - 2004)","West","Bulls","2001","000 Head","7.9"
"Number of Livestock in June (1991 - 2004)","West","Bulls","2002","000 Head","9"
"Number of Livestock in June (1991 - 2004)","West","Bulls","2003","000 Head","9"
"Number of Livestock in June (1991 - 2004)","West","Bulls","2004","000 Head","9.9"
"Number of Livestock in June (1991 - 2004)","West","Other cattle: 2 years and over","1991","000 Head","175.4"
"Number of Livestock in June (1991 - 2004)","West","Other cattle: 2 years and over","1992","000 Head","187.1"
"Number of Livestock in June (1991 - 2004)","West","Other cattle: 2 years and over","1993","000 Head","175.8"
"Number of Livestock in June (1991 - 2004)","West","Other cattle: 2 years and over","1994","000 Head","166.8"
"Number of Livestock in June (1991 - 2004)","West","Other cattle: 2 years and over","1995","000 Head","168.8"
"Number of Livestock in June (1991 - 2004)","West","Other cattle: 2 years and over","1996","000 Head","173.7"
"Number of Livestock in June (1991 - 2004)","West","Other cattle: 2 years and over","1997","000 Head","163.2"
"Number of Livestock in June (1991 - 2004)","West","Other cattle: 2 years and over","1998","000 Head","158.2"
"Number of Livestock in June (1991 - 2004)","West","Other cattle: 2 years and over","1999","000 Head","164"
"Number of Livestock in June (1991 - 2004)","West","Other cattle: 2 years and over","2000","000 Head","161.5"
"Number of Livestock in June (1991 - 2004)","West","Other cattle: 2 years and over","2001","000 Head","149.8"
"Number of Livestock in June (1991 - 2004)","West","Other cattle: 2 years and over","2002","000 Head","133.9"
"Number of Livestock in June (1991 - 2004)","West","Other cattle: 2 years and over","2003","000 Head","143.6"
"Number of Livestock in June (1991 - 2004)","West","Other cattle: 2 years and over","2004","000 Head","140.8"
"Number of Livestock in June (1991 - 2004)","West","Other cattle: 1-2 years","1991","000 Head","275"
"Number of Livestock in June (1991 - 2004)","West","Other cattle: 1-2 years","1992","000 Head","262.9"
"Number of Livestock in June (1991 - 2004)","West","Other cattle: 1-2 years","1993","000 Head","251.8"
"Number of Livestock in June (1991 - 2004)","West","Other cattle: 1-2 years","1994","000 Head","251.4"
"Number of Livestock in June (1991 - 2004)","West","Other cattle: 1-2 years","1995","000 Head","254.1"
"Number of Livestock in June (1991 - 2004)","West","Other cattle: 1-2 years","1996","000 Head","259"
"Number of Livestock in June (1991 - 2004)","West","Other cattle: 1-2 years","1997","000 Head","270.7"
"Number of Livestock in June (1991 - 2004)","West","Other cattle: 1-2 years","1998","000 Head","274.9"
"Number of Livestock in June (1991 - 2004)","West","Other cattle: 1-2 years","1999","000 Head","252.1"
"Number of Livestock in June (1991 - 2004)","West","Other cattle: 1-2 years","2000","000 Head","207.6"
"Number of Livestock in June (1991 - 2004)","West","Other cattle: 1-2 years","2001","000 Head","209.2"
"Number of Livestock in June (1991 - 2004)","West","Other cattle: 1-2 years","2002","000 Head","218.7"
"Number of Livestock in June (1991 - 2004)","West","Other cattle: 1-2 years","2003","000 Head","217.2"
"Number of Livestock in June (1991 - 2004)","West","Other cattle: 1-2 years","2004","000 Head","214.2"
"Number of Livestock in June (1991 - 2004)","West","Other cattle: under 1 year","1991","000 Head","259"
"Number of Livestock in June (1991 - 2004)","West","Other cattle: under 1 year","1992","000 Head","247.3"
"Number of Livestock in June (1991 - 2004)","West","Other cattle: under 1 year","1993","000 Head","257"
"Number of Livestock in June (1991 - 2004)","West","Other cattle: under 1 year","1994","000 Head","251.4"
"Number of Livestock in June (1991 - 2004)","West","Other cattle: under 1 year","1995","000 Head","252.7"
"Number of Livestock in June (1991 - 2004)","West","Other cattle: under 1 year","1996","000 Head","271.7"
"Number of Livestock in June (1991 - 2004)","West","Other cattle: under 1 year","1997","000 Head","288.7"
"Number of Livestock in June (1991 - 2004)","West","Other cattle: under 1 year","1998","000 Head","296.9"
"Number of Livestock in June (1991 - 2004)","West","Other cattle: under 1 year","1999","000 Head","267.9"
"Number of Livestock in June (1991 - 2004)","West","Other cattle: under 1 year","2000","000 Head","252.4"
"Number of Livestock in June (1991 - 2004)","West","Other cattle: under 1 year","2001","000 Head","254.5"
"Number of Livestock in June (1991 - 2004)","West","Other cattle: under 1 year","2002","000 Head","256.7"
"Number of Livestock in June (1991 - 2004)","West","Other cattle: under 1 year","2003","000 Head","254.6"
"Number of Livestock in June (1991 - 2004)","West","Other cattle: under 1 year","2004","000 Head","251.3"
"Number of Livestock in June (1991 - 2004)","Dublin plus Mid East","Dairy cows","1991","000 Head","100.3"
"Number of Livestock in June (1991 - 2004)","Dublin plus Mid East","Dairy cows","1992","000 Head","95.7"
"Number of Livestock in June (1991 - 2004)","Dublin plus Mid East","Dairy cows","1993","000 Head","93.7"
"Number of Livestock in June (1991 - 2004)","Dublin plus Mid East","Dairy cows","1994","000 Head","94.1"
"Number of Livestock in June (1991 - 2004)","Dublin plus Mid East","Dairy cows","1995","000 Head","93"
"Number of Livestock in June (1991 - 2004)","Dublin plus Mid East","Dairy cows","1996","000 Head","92.7"
"Number of Livestock in June (1991 - 2004)","Dublin plus Mid East","Dairy cows","1997","000 Head","92.1"
"Number of Livestock in June (1991 - 2004)","Dublin plus Mid East","Dairy cows","1998","000 Head","90.3"
"Number of Livestock in June (1991 - 2004)","Dublin plus Mid East","Dairy cows","1999","000 Head","90.3"
"Number of Livestock in June (1991 - 2004)","Dublin plus Mid East","Dairy cows","2000","000 Head","87.4"
"Number of Livestock in June (1991 - 2004)","Dublin plus Mid East","Dairy cows","2001","000 Head","86.6"
"Number of Livestock in June (1991 - 2004)","Dublin plus Mid East","Dairy cows","2002","000 Head","84.2"
"Number of Livestock in June (1991 - 2004)","Dublin plus Mid East","Dairy cows","2003","000 Head","82.1"
"Number of Livestock in June (1991 - 2004)","Dublin plus Mid East","Dairy cows","2004","000 Head","81.7"
"Number of Livestock in June (1991 - 2004)","Dublin plus Mid East","Other cows","1991","000 Head","59"
"Number of Livestock in June (1991 - 2004)","Dublin plus Mid East","Other cows","1992","000 Head","65.3"
"Number of Livestock in June (1991 - 2004)","Dublin plus Mid East","Other cows","1993","000 Head","70.7"
"Number of Livestock in June (1991 - 2004)","Dublin plus Mid East","Other cows","1994","000 Head","73.5"
"Number of Livestock in June (1991 - 2004)","Dublin plus Mid East","Other cows","1995","000 Head","76.6"
"Number of Livestock in June (1991 - 2004)","Dublin plus Mid East","Other cows","1996","000 Head","81.9"
"Number of Livestock in June (1991 - 2004)","Dublin plus Mid East","Other cows","1997","000 Head","86.4"
"Number of Livestock in June (1991 - 2004)","Dublin plus Mid East","Other cows","1998","000 Head","91.4"
"Number of Livestock in June (1991 - 2004)","Dublin plus Mid East","Other cows","1999","000 Head","89.6"
"Number of Livestock in June (1991 - 2004)","Dublin plus Mid East","Other cows","2000","000 Head","85.5"
"Number of Livestock in June (1991 - 2004)","Dublin plus Mid East","Other cows","2001","000 Head","82.8"
"Number of Livestock in June (1991 - 2004)","Dublin plus Mid East","Other cows","2002","000 Head","81.5"
"Number of Livestock in June (1991 - 2004)","Dublin plus Mid East","Other cows","2003","000 Head","86.5"
"Number of Livestock in June (1991 - 2004)","Dublin plus Mid East","Other cows","2004","000 Head","89.2"
"Number of Livestock in June (1991 - 2004)","Dublin plus Mid East","Bulls","1991","000 Head","1.9"
"Number of Livestock in June (1991 - 2004)","Dublin plus Mid East","Bulls","1992","000 Head","2.2"
"Number of Livestock in June (1991 - 2004)","Dublin plus Mid East","Bulls","1993","000 Head","2.5"
"Number of Livestock in June (1991 - 2004)","Dublin plus Mid East","Bulls","1994","000 Head","2.7"
"Number of Livestock in June (1991 - 2004)","Dublin plus Mid East","Bulls","1995","000 Head","3.1"
"Number of Livestock in June (1991 - 2004)","Dublin plus Mid East","Bulls","1996","000 Head","3.4"
"Number of Livestock in June (1991 - 2004)","Dublin plus Mid East","Bulls","1997","000 Head","3.8"
"Number of Livestock in June (1991 - 2004)","Dublin plus Mid East","Bulls","1998","000 Head","3.8"
"Number of Livestock in June (1991 - 2004)","Dublin plus Mid East","Bulls","1999","000 Head","4.2"
"Number of Livestock in June (1991 - 2004)","Dublin plus Mid East","Bulls","2000","000 Head","3.8"
"Number of Livestock in June (1991 - 2004)","Dublin plus Mid East","Bulls","2001","000 Head","4"
"Number of Livestock in June (1991 - 2004)","Dublin plus Mid East","Bulls","2002","000 Head","4.2"
"Number of Livestock in June (1991 - 2004)","Dublin plus Mid East","Bulls","2003","000 Head","4.3"
"Number of Livestock in June (1991 - 2004)","Dublin plus Mid East","Bulls","2004","000 Head","4.3"
"Number of Livestock in June (1991 - 2004)","Dublin plus Mid East","Other cattle: 2 years and over","1991","000 Head","165.1"
"Number of Livestock in June (1991 - 2004)","Dublin plus Mid East","Other cattle: 2 years and over","1992","000 Head","171.8"
"Number of Livestock in June (1991 - 2004)","Dublin plus Mid East","Other cattle: 2 years and over","1993","000 Head","158.1"
"Number of Livestock in June (1991 - 2004)","Dublin plus Mid East","Other cattle: 2 years and over","1994","000 Head","153.8"
"Number of Livestock in June (1991 - 2004)","Dublin plus Mid East","Other cattle: 2 years and over","1995","000 Head","151.7"
"Number of Livestock in June (1991 - 2004)","Dublin plus Mid East","Other cattle: 2 years and over","1996","000 Head","142"
"Number of Livestock in June (1991 - 2004)","Dublin plus Mid East","Other cattle: 2 years and over","1997","000 Head","132.5"
"Number of Livestock in June (1991 - 2004)","Dublin plus Mid East","Other cattle: 2 years and over","1998","000 Head","134.5"
"Number of Livestock in June (1991 - 2004)","Dublin plus Mid East","Other cattle: 2 years and over","1999","000 Head","143.6"
"Number of Livestock in June (1991 - 2004)","Dublin plus Mid East","Other cattle: 2 years and over","2000","000 Head","136.9"
"Number of Livestock in June (1991 - 2004)","Dublin plus Mid East","Other cattle: 2 years and over","2001","000 Head","113.8"
"Number of Livestock in June (1991 - 2004)","Dublin plus Mid East","Other cattle: 2 years and over","2002","000 Head","107.6"
"Number of Livestock in June (1991 - 2004)","Dublin plus Mid East","Other cattle: 2 years and over","2003","000 Head","117.8"
"Number of Livestock in June (1991 - 2004)","Dublin plus Mid East","Other cattle: 2 years and over","2004","000 Head","118.2"
"Number of Livestock in June (1991 - 2004)","Dublin plus Mid East","Other cattle: 1-2 years","1991","000 Head","147.4"
"Number of Livestock in June (1991 - 2004)","Dublin plus Mid East","Other cattle: 1-2 years","1992","000 Head","140.7"
"Number of Livestock in June (1991 - 2004)","Dublin plus Mid East","Other cattle: 1-2 years","1993","000 Head","139.3"
"Number of Livestock in June (1991 - 2004)","Dublin plus Mid East","Other cattle: 1-2 years","1994","000 Head","141.8"
"Number of Livestock in June (1991 - 2004)","Dublin plus Mid East","Other cattle: 1-2 years","1995","000 Head","144.6"
"Number of Livestock in June (1991 - 2004)","Dublin plus Mid East","Other cattle: 1-2 years","1996","000 Head","149.9"
"Number of Livestock in June (1991 - 2004)","Dublin plus Mid East","Other cattle: 1-2 years","1997","000 Head","157.1"
"Number of Livestock in June (1991 - 2004)","Dublin plus Mid East","Other cattle: 1-2 years","1998","000 Head","161.6"
"Number of Livestock in June (1991 - 2004)","Dublin plus Mid East","Other cattle: 1-2 years","1999","000 Head","158.1"
"Number of Livestock in June (1991 - 2004)","Dublin plus Mid East","Other cattle: 1-2 years","2000","000 Head","144.6"
"Number of Livestock in June (1991 - 2004)","Dublin plus Mid East","Other cattle: 1-2 years","2001","000 Head","134.9"
"Number of Livestock in June (1991 - 2004)","Dublin plus Mid East","Other cattle: 1-2 years","2002","000 Head","150.1"
"Number of Livestock in June (1991 - 2004)","Dublin plus Mid East","Other cattle: 1-2 years","2003","000 Head","145.4"
"Number of Livestock in June (1991 - 2004)","Dublin plus Mid East","Other cattle: 1-2 years","2004","000 Head","141"
"Number of Livestock in June (1991 - 2004)","Dublin plus Mid East","Other cattle: under 1 year","1991","000 Head","124.7"
"Number of Livestock in June (1991 - 2004)","Dublin plus Mid East","Other cattle: under 1 year","1992","000 Head","117"
"Number of Livestock in June (1991 - 2004)","Dublin plus Mid East","Other cattle: under 1 year","1993","000 Head","120.7"
"Number of Livestock in June (1991 - 2004)","Dublin plus Mid East","Other cattle: under 1 year","1994","000 Head","123.9"
"Number of Livestock in June (1991 - 2004)","Dublin plus Mid East","Other cattle: under 1 year","1995","000 Head","125.3"
"Number of Livestock in June (1991 - 2004)","Dublin plus Mid East","Other cattle: under 1 year","1996","000 Head","132.1"
"Number of Livestock in June (1991 - 2004)","Dublin plus Mid East","Other cattle: under 1 year","1997","000 Head","136.9"
"Number of Livestock in June (1991 - 2004)","Dublin plus Mid East","Other cattle: under 1 year","1998","000 Head","140.7"
"Number of Livestock in June (1991 - 2004)","Dublin plus Mid East","Other cattle: under 1 year","1999","000 Head","132.1"
"Number of Livestock in June (1991 - 2004)","Dublin plus Mid East","Other cattle: under 1 year","2000","000 Head","125.1"
"Number of Livestock in June (1991 - 2004)","Dublin plus Mid East","Other cattle: under 1 year","2001","000 Head","124.4"
"Number of Livestock in June (1991 - 2004)","Dublin plus Mid East","Other cattle: under 1 year","2002","000 Head","123"
"Number of Livestock in June (1991 - 2004)","Dublin plus Mid East","Other cattle: under 1 year","2003","000 Head","124.9"
"Number of Livestock in June (1991 - 2004)","Dublin plus Mid East","Other cattle: under 1 year","2004","000 Head","121.2"
"Number of Livestock in June (1991 - 2004)","Mid-West","Dairy cows","1991","000 Head","226.6"
"Number of Livestock in June (1991 - 2004)","Mid-West","Dairy cows","1992","000 Head","215.3"
"Number of Livestock in June (1991 - 2004)","Mid-West","Dairy cows","1993","000 Head","213.1"
"Number of Livestock in June (1991 - 2004)","Mid-West","Dairy cows","1994","000 Head","213.7"
"Number of Livestock in June (1991 - 2004)","Mid-West","Dairy cows","1995","000 Head","212"
"Number of Livestock in June (1991 - 2004)","Mid-West","Dairy cows","1996","000 Head","211"
"Number of Livestock in June (1991 - 2004)","Mid-West","Dairy cows","1997","000 Head","207.7"
"Number of Livestock in June (1991 - 2004)","Mid-West","Dairy cows","1998","000 Head","202.5"
"Number of Livestock in June (1991 - 2004)","Mid-West","Dairy cows","1999","000 Head","192.6"
"Number of Livestock in June (1991 - 2004)","Mid-West","Dairy cows","2000","000 Head","190.2"
"Number of Livestock in June (1991 - 2004)","Mid-West","Dairy cows","2001","000 Head","190.2"
"Number of Livestock in June (1991 - 2004)","Mid-West","Dairy cows","2002","000 Head","189.1"
"Number of Livestock in June (1991 - 2004)","Mid-West","Dairy cows","2003","000 Head","187.3"
"Number of Livestock in June (1991 - 2004)","Mid-West","Dairy cows","2004","000 Head","190.1"
"Number of Livestock in June (1991 - 2004)","Mid-West","Other cows","1991","000 Head","110.9"
"Number of Livestock in June (1991 - 2004)","Mid-West","Other cows","1992","000 Head","127.3"
"Number of Livestock in June (1991 - 2004)","Mid-West","Other cows","1993","000 Head","135.2"
"Number of Livestock in June (1991 - 2004)","Mid-West","Other cows","1994","000 Head","140.1"
"Number of Livestock in June (1991 - 2004)","Mid-West","Other cows","1995","000 Head","144.5"
"Number of Livestock in June (1991 - 2004)","Mid-West","Other cows","1996","000 Head","156.4"
"Number of Livestock in June (1991 - 2004)","Mid-West","Other cows","1997","000 Head","168.8"
"Number of Livestock in June (1991 - 2004)","Mid-West","Other cows","1998","000 Head","178.9"
"Number of Livestock in June (1991 - 2004)","Mid-West","Other cows","1999","000 Head","173.1"
"Number of Livestock in June (1991 - 2004)","Mid-West","Other cows","2000","000 Head","167.2"
"Number of Livestock in June (1991 - 2004)","Mid-West","Other cows","2001","000 Head","166.2"
"Number of Livestock in June (1991 - 2004)","Mid-West","Other cows","2002","000 Head","158.2"
"Number of Livestock in June (1991 - 2004)","Mid-West","Other cows","2003","000 Head","171.8"
"Number of Livestock in June (1991 - 2004)","Mid-West","Other cows","2004","000 Head","173.9"
"Number of Livestock in June (1991 - 2004)","Mid-West","Bulls","1991","000 Head","5.6"
"Number of Livestock in June (1991 - 2004)","Mid-West","Bulls","1992","000 Head","5.9"
"Number of Livestock in June (1991 - 2004)","Mid-West","Bulls","1993","000 Head","6.9"
"Number of Livestock in June (1991 - 2004)","Mid-West","Bulls","1994","000 Head","7.5"
"Number of Livestock in June (1991 - 2004)","Mid-West","Bulls","1995","000 Head","7.8"
"Number of Livestock in June (1991 - 2004)","Mid-West","Bulls","1996","000 Head","8.5"
"Number of Livestock in June (1991 - 2004)","Mid-West","Bulls","1997","000 Head","9.1"
"Number of Livestock in June (1991 - 2004)","Mid-West","Bulls","1998","000 Head","9.4"
"Number of Livestock in June (1991 - 2004)","Mid-West","Bulls","1999","000 Head","9.4"
"Number of Livestock in June (1991 - 2004)","Mid-West","Bulls","2000","000 Head","9.3"
"Number of Livestock in June (1991 - 2004)","Mid-West","Bulls","2001","000 Head","9.5"
"Number of Livestock in June (1991 - 2004)","Mid-West","Bulls","2002","000 Head","10"
"Number of Livestock in June (1991 - 2004)","Mid-West","Bulls","2003","000 Head","10.5"
"Number of Livestock in June (1991 - 2004)","Mid-West","Bulls","2004","000 Head","11"
"Number of Livestock in June (1991 - 2004)","Mid-West","Other cattle: 2 years and over","1991","000 Head","138.9"
"Number of Livestock in June (1991 - 2004)","Mid-West","Other cattle: 2 years and over","1992","000 Head","147.9"
"Number of Livestock in June (1991 - 2004)","Mid-West","Other cattle: 2 years and over","1993","000 Head","139"
"Number of Livestock in June (1991 - 2004)","Mid-West","Other cattle: 2 years and over","1994","000 Head","134.9"
"Number of Livestock in June (1991 - 2004)","Mid-West","Other cattle: 2 years and over","1995","000 Head","129.2"
"Number of Livestock in June (1991 - 2004)","Mid-West","Other cattle: 2 years and over","1996","000 Head","134.2"
"Number of Livestock in June (1991 - 2004)","Mid-West","Other cattle: 2 years and over","1997","000 Head","129.6"
"Number of Livestock in June (1991 - 2004)","Mid-West","Other cattle: 2 years and over","1998","000 Head","139.1"
"Number of Livestock in June (1991 - 2004)","Mid-West","Other cattle: 2 years and over","1999","000 Head","133.8"
"Number of Livestock in June (1991 - 2004)","Mid-West","Other cattle: 2 years and over","2000","000 Head","137.8"
"Number of Livestock in June (1991 - 2004)","Mid-West","Other cattle: 2 years and over","2001","000 Head","139.3"
"Number of Livestock in June (1991 - 2004)","Mid-West","Other cattle: 2 years and over","2002","000 Head","120.6"
"Number of Livestock in June (1991 - 2004)","Mid-West","Other cattle: 2 years and over","2003","000 Head","126.3"
"Number of Livestock in June (1991 - 2004)","Mid-West","Other cattle: 2 years and over","2004","000 Head","126.8"
"Number of Livestock in June (1991 - 2004)","Mid-West","Other cattle: 1-2 years","1991","000 Head","227.8"
"Number of Livestock in June (1991 - 2004)","Mid-West","Other cattle: 1-2 years","1992","000 Head","221.7"
"Number of Livestock in June (1991 - 2004)","Mid-West","Other cattle: 1-2 years","1993","000 Head","212.8"
"Number of Livestock in June (1991 - 2004)","Mid-West","Other cattle: 1-2 years","1994","000 Head","210.3"
"Number of Livestock in June (1991 - 2004)","Mid-West","Other cattle: 1-2 years","1995","000 Head","205.1"
"Number of Livestock in June (1991 - 2004)","Mid-West","Other cattle: 1-2 years","1996","000 Head","222"
"Number of Livestock in June (1991 - 2004)","Mid-West","Other cattle: 1-2 years","1997","000 Head","229.5"
"Number of Livestock in June (1991 - 2004)","Mid-West","Other cattle: 1-2 years","1998","000 Head","241.6"
"Number of Livestock in June (1991 - 2004)","Mid-West","Other cattle: 1-2 years","1999","000 Head","231.8"
"Number of Livestock in June (1991 - 2004)","Mid-West","Other cattle: 1-2 years","2000","000 Head","204.4"
"Number of Livestock in June (1991 - 2004)","Mid-West","Other cattle: 1-2 years","2001","000 Head","212.1"
"Number of Livestock in June (1991 - 2004)","Mid-West","Other cattle: 1-2 years","2002","000 Head","218.9"
"Number of Livestock in June (1991 - 2004)","Mid-West","Other cattle: 1-2 years","2003","000 Head","219.2"
"Number of Livestock in June (1991 - 2004)","Mid-West","Other cattle: 1-2 years","2004","000 Head","215.6"
"Number of Livestock in June (1991 - 2004)","Mid-West","Other cattle: under 1 year","1991","000 Head","264.1"
"Number of Livestock in June (1991 - 2004)","Mid-West","Other cattle: under 1 year","1992","000 Head","252.6"
"Number of Livestock in June (1991 - 2004)","Mid-West","Other cattle: under 1 year","1993","000 Head","258.4"
"Number of Livestock in June (1991 - 2004)","Mid-West","Other cattle: under 1 year","1994","000 Head","257.2"
"Number of Livestock in June (1991 - 2004)","Mid-West","Other cattle: under 1 year","1995","000 Head","262.5"
"Number of Livestock in June (1991 - 2004)","Mid-West","Other cattle: under 1 year","1996","000 Head","284.1"
"Number of Livestock in June (1991 - 2004)","Mid-West","Other cattle: under 1 year","1997","000 Head","295"
"Number of Livestock in June (1991 - 2004)","Mid-West","Other cattle: under 1 year","1998","000 Head","299.9"
"Number of Livestock in June (1991 - 2004)","Mid-West","Other cattle: under 1 year","1999","000 Head","272.7"
"Number of Livestock in June (1991 - 2004)","Mid-West","Other cattle: under 1 year","2000","000 Head","263.7"
"Number of Livestock in June (1991 - 2004)","Mid-West","Other cattle: under 1 year","2001","000 Head","283"
"Number of Livestock in June (1991 - 2004)","Mid-West","Other cattle: under 1 year","2002","000 Head","278.4"
"Number of Livestock in June (1991 - 2004)","Mid-West","Other cattle: under 1 year","2003","000 Head","277.5"
"Number of Livestock in June (1991 - 2004)","Mid-West","Other cattle: under 1 year","2004","000 Head","284"
"Number of Livestock in June (1991 - 2004)","South-East","Dairy cows","1991","000 Head","272.5"
"Number of Livestock in June (1991 - 2004)","South-East","Dairy cows","1992","000 Head","260.1"
"Number of Livestock in June (1991 - 2004)","South-East","Dairy cows","1993","000 Head","258.4"
"Number of Livestock in June (1991 - 2004)","South-East","Dairy cows","1994","000 Head","258.9"
"Number of Livestock in June (1991 - 2004)","South-East","Dairy cows","1995","000 Head","257.3"
"Number of Livestock in June (1991 - 2004)","South-East","Dairy cows","1996","000 Head","260.1"
"Number of Livestock in June (1991 - 2004)","South-East","Dairy cows","1997","000 Head","256.9"
"Number of Livestock in June (1991 - 2004)","South-East","Dairy cows","1998","000 Head","253.2"
"Number of Livestock in June (1991 - 2004)","South-East","Dairy cows","1999","000 Head","250.1"
"Number of Livestock in June (1991 - 2004)","South-East","Dairy cows","2000","000 Head","243.2"
"Number of Livestock in June (1991 - 2004)","South-East","Dairy cows","2001","000 Head","244.4"
"Number of Livestock in June (1991 - 2004)","South-East","Dairy cows","2002","000 Head","240.1"
"Number of Livestock in June (1991 - 2004)","South-East","Dairy cows","2003","000 Head","239.7"
"Number of Livestock in June (1991 - 2004)","South-East","Dairy cows","2004","000 Head","241.5"
"Number of Livestock in June (1991 - 2004)","South-East","Other cows","1991","000 Head","103.8"
"Number of Livestock in June (1991 - 2004)","South-East","Other cows","1992","000 Head","111.8"
"Number of Livestock in June (1991 - 2004)","South-East","Other cows","1993","000 Head","126.4"
"Number of Livestock in June (1991 - 2004)","South-East","Other cows","1994","000 Head","132.1"
"Number of Livestock in June (1991 - 2004)","South-East","Other cows","1995","000 Head","134"
"Number of Livestock in June (1991 - 2004)","South-East","Other cows","1996","000 Head","143.5"
"Number of Livestock in June (1991 - 2004)","South-East","Other cows","1997","000 Head","152.4"
"Number of Livestock in June (1991 - 2004)","South-East","Other cows","1998","000 Head","157"
"Number of Livestock in June (1991 - 2004)","South-East","Other cows","1999","000 Head","155.1"
"Number of Livestock in June (1991 - 2004)","South-East","Other cows","2000","000 Head","153.2"
"Number of Livestock in June (1991 - 2004)","South-East","Other cows","2001","000 Head","156.5"
"Number of Livestock in June (1991 - 2004)","South-East","Other cows","2002","000 Head","151.4"
"Number of Livestock in June (1991 - 2004)","South-East","Other cows","2003","000 Head","152.5"
"Number of Livestock in June (1991 - 2004)","South-East","Other cows","2004","000 Head","158.6"
"Number of Livestock in June (1991 - 2004)","South-East","Bulls","1991","000 Head","5.7"
"Number of Livestock in June (1991 - 2004)","South-East","Bulls","1992","000 Head","6.1"
"Number of Livestock in June (1991 - 2004)","South-East","Bulls","1993","000 Head","7"
"Number of Livestock in June (1991 - 2004)","South-East","Bulls","1994","000 Head","7.6"
"Number of Livestock in June (1991 - 2004)","South-East","Bulls","1995","000 Head","7.9"
"Number of Livestock in June (1991 - 2004)","South-East","Bulls","1996","000 Head","8.2"
"Number of Livestock in June (1991 - 2004)","South-East","Bulls","1997","000 Head","9"
"Number of Livestock in June (1991 - 2004)","South-East","Bulls","1998","000 Head","9.4"
"Number of Livestock in June (1991 - 2004)","South-East","Bulls","1999","000 Head","9.4"
"Number of Livestock in June (1991 - 2004)","South-East","Bulls","2000","000 Head","9.1"
"Number of Livestock in June (1991 - 2004)","South-East","Bulls","2001","000 Head","9.4"
"Number of Livestock in June (1991 - 2004)","South-East","Bulls","2002","000 Head","10"
"Number of Livestock in June (1991 - 2004)","South-East","Bulls","2003","000 Head","9.9"
"Number of Livestock in June (1991 - 2004)","South-East","Bulls","2004","000 Head","10.2"
"Number of Livestock in June (1991 - 2004)","South-East","Other cattle: 2 years and over","1991","000 Head","183.7"
"Number of Livestock in June (1991 - 2004)","South-East","Other cattle: 2 years and over","1992","000 Head","193.9"
"Number of Livestock in June (1991 - 2004)","South-East","Other cattle: 2 years and over","1993","000 Head","180.7"
"Number of Livestock in June (1991 - 2004)","South-East","Other cattle: 2 years and over","1994","000 Head","179.8"
"Number of Livestock in June (1991 - 2004)","South-East","Other cattle: 2 years and over","1995","000 Head","169.4"
"Number of Livestock in June (1991 - 2004)","South-East","Other cattle: 2 years and over","1996","000 Head","173.5"
"Number of Livestock in June (1991 - 2004)","South-East","Other cattle: 2 years and over","1997","000 Head","162"
"Number of Livestock in June (1991 - 2004)","South-East","Other cattle: 2 years and over","1998","000 Head","158.8"
"Number of Livestock in June (1991 - 2004)","South-East","Other cattle: 2 years and over","1999","000 Head","183.5"
"Number of Livestock in June (1991 - 2004)","South-East","Other cattle: 2 years and over","2000","000 Head","172.1"
"Number of Livestock in June (1991 - 2004)","South-East","Other cattle: 2 years and over","2001","000 Head","166.2"
"Number of Livestock in June (1991 - 2004)","South-East","Other cattle: 2 years and over","2002","000 Head","144"
"Number of Livestock in June (1991 - 2004)","South-East","Other cattle: 2 years and over","2003","000 Head","148.3"
"Number of Livestock in June (1991 - 2004)","South-East","Other cattle: 2 years and over","2004","000 Head","154.8"
"Number of Livestock in June (1991 - 2004)","South-East","Other cattle: 1-2 years","1991","000 Head","326.7"
"Number of Livestock in June (1991 - 2004)","South-East","Other cattle: 1-2 years","1992","000 Head","310"
"Number of Livestock in June (1991 - 2004)","South-East","Other cattle: 1-2 years","1993","000 Head","308"
"Number of Livestock in June (1991 - 2004)","South-East","Other cattle: 1-2 years","1994","000 Head","312.3"
"Number of Livestock in June (1991 - 2004)","South-East","Other cattle: 1-2 years","1995","000 Head","311.3"
"Number of Livestock in June (1991 - 2004)","South-East","Other cattle: 1-2 years","1996","000 Head","322.1"
"Number of Livestock in June (1991 - 2004)","South-East","Other cattle: 1-2 years","1997","000 Head","330.4"
"Number of Livestock in June (1991 - 2004)","South-East","Other cattle: 1-2 years","1998","000 Head","345.6"
"Number of Livestock in June (1991 - 2004)","South-East","Other cattle: 1-2 years","1999","000 Head","334.3"
"Number of Livestock in June (1991 - 2004)","South-East","Other cattle: 1-2 years","2000","000 Head","309.4"
"Number of Livestock in June (1991 - 2004)","South-East","Other cattle: 1-2 years","2001","000 Head","299.9"
"Number of Livestock in June (1991 - 2004)","South-East","Other cattle: 1-2 years","2002","000 Head","308.1"
"Number of Livestock in June (1991 - 2004)","South-East","Other cattle: 1-2 years","2003","000 Head","308.9"
"Number of Livestock in June (1991 - 2004)","South-East","Other cattle: 1-2 years","2004","000 Head","297.6"
"Number of Livestock in June (1991 - 2004)","South-East","Other cattle: under 1 year","1991","000 Head","325.2"
"Number of Livestock in June (1991 - 2004)","South-East","Other cattle: under 1 year","1992","000 Head","315.9"
"Number of Livestock in June (1991 - 2004)","South-East","Other cattle: under 1 year","1993","000 Head","321.8"
"Number of Livestock in June (1991 - 2004)","South-East","Other cattle: under 1 year","1994","000 Head","323.9"
"Number of Livestock in June (1991 - 2004)","South-East","Other cattle: under 1 year","1995","000 Head","322.8"
"Number of Livestock in June (1991 - 2004)","South-East","Other cattle: under 1 year","1996","000 Head","339"
"Number of Livestock in June (1991 - 2004)","South-East","Other cattle: under 1 year","1997","000 Head","344.7"
"Number of Livestock in June (1991 - 2004)","South-East","Other cattle: under 1 year","1998","000 Head","348.5"
"Number of Livestock in June (1991 - 2004)","South-East","Other cattle: under 1 year","1999","000 Head","324"
"Number of Livestock in June (1991 - 2004)","South-East","Other cattle: under 1 year","2000","000 Head","319.1"
"Number of Livestock in June (1991 - 2004)","South-East","Other cattle: under 1 year","2001","000 Head","321.8"
"Number of Livestock in June (1991 - 2004)","South-East","Other cattle: under 1 year","2002","000 Head","325.5"
"Number of Livestock in June (1991 - 2004)","South-East","Other cattle: under 1 year","2003","000 Head","280.5"
"Number of Livestock in June (1991 - 2004)","South-East","Other cattle: under 1 year","2004","000 Head","309.3"
"Number of Livestock in June (1991 - 2004)","South-West","Dairy cows","1991","000 Head","429.3"
"Number of Livestock in June (1991 - 2004)","South-West","Dairy cows","1992","000 Head","413.1"
"Number of Livestock in June (1991 - 2004)","South-West","Dairy cows","1993","000 Head","408.9"
"Number of Livestock in June (1991 - 2004)","South-West","Dairy cows","1994","000 Head","407.6"
"Number of Livestock in June (1991 - 2004)","South-West","Dairy cows","1995","000 Head","410"
"Number of Livestock in June (1991 - 2004)","South-West","Dairy cows","1996","000 Head","412.5"
"Number of Livestock in June (1991 - 2004)","South-West","Dairy cows","1997","000 Head","409.5"
"Number of Livestock in June (1991 - 2004)","South-West","Dairy cows","1998","000 Head","402"
"Number of Livestock in June (1991 - 2004)","South-West","Dairy cows","1999","000 Head","393.7"
"Number of Livestock in June (1991 - 2004)","South-West","Dairy cows","2000","000 Head","379.8"
"Number of Livestock in June (1991 - 2004)","South-West","Dairy cows","2001","000 Head","383.7"
"Number of Livestock in June (1991 - 2004)","South-West","Dairy cows","2002","000 Head","375.9"
"Number of Livestock in June (1991 - 2004)","South-West","Dairy cows","2003","000 Head","375.2"
"Number of Livestock in June (1991 - 2004)","South-West","Dairy cows","2004","000 Head","375.3"
"Number of Livestock in June (1991 - 2004)","South-West","Other cows","1991","000 Head","105.8"
"Number of Livestock in June (1991 - 2004)","South-West","Other cows","1992","000 Head","121.8"
"Number of Livestock in June (1991 - 2004)","South-West","Other cows","1993","000 Head","136.8"
"Number of Livestock in June (1991 - 2004)","South-West","Other cows","1994","000 Head","140.6"
"Number of Livestock in June (1991 - 2004)","South-West","Other cows","1995","000 Head","142.7"
"Number of Livestock in June (1991 - 2004)","South-West","Other cows","1996","000 Head","151.9"
"Number of Livestock in June (1991 - 2004)","South-West","Other cows","1997","000 Head","163.8"
"Number of Livestock in June (1991 - 2004)","South-West","Other cows","1998","000 Head","167.5"
"Number of Livestock in June (1991 - 2004)","South-West","Other cows","1999","000 Head","157.8"
"Number of Livestock in June (1991 - 2004)","South-West","Other cows","2000","000 Head","153.8"
"Number of Livestock in June (1991 - 2004)","South-West","Other cows","2001","000 Head","158.9"
"Number of Livestock in June (1991 - 2004)","South-West","Other cows","2002","000 Head","148.6"
"Number of Livestock in June (1991 - 2004)","South-West","Other cows","2003","000 Head","149.9"
"Number of Livestock in June (1991 - 2004)","South-West","Other cows","2004","000 Head","153.3"
"Number of Livestock in June (1991 - 2004)","South-West","Bulls","1991","000 Head","8.9"
"Number of Livestock in June (1991 - 2004)","South-West","Bulls","1992","000 Head","9.6"
"Number of Livestock in June (1991 - 2004)","South-West","Bulls","1993","000 Head","10.8"
"Number of Livestock in June (1991 - 2004)","South-West","Bulls","1994","000 Head","11.4"
"Number of Livestock in June (1991 - 2004)","South-West","Bulls","1995","000 Head","11.9"
"Number of Livestock in June (1991 - 2004)","South-West","Bulls","1996","000 Head","12.8"
"Number of Livestock in June (1991 - 2004)","South-West","Bulls","1997","000 Head","13.5"
"Number of Livestock in June (1991 - 2004)","South-West","Bulls","1998","000 Head","14.1"
"Number of Livestock in June (1991 - 2004)","South-West","Bulls","1999","000 Head","13.9"
"Number of Livestock in June (1991 - 2004)","South-West","Bulls","2000","000 Head","13.2"
"Number of Livestock in June (1991 - 2004)","South-West","Bulls","2001","000 Head","13.8"
"Number of Livestock in June (1991 - 2004)","South-West","Bulls","2002","000 Head","14.5"
"Number of Livestock in June (1991 - 2004)","South-West","Bulls","2003","000 Head","14.7"
"Number of Livestock in June (1991 - 2004)","South-West","Bulls","2004","000 Head","14.5"
"Number of Livestock in June (1991 - 2004)","South-West","Other cattle: 2 years and over","1991","000 Head","144"
"Number of Livestock in June (1991 - 2004)","South-West","Other cattle: 2 years and over","1992","000 Head","152.7"
"Number of Livestock in June (1991 - 2004)","South-West","Other cattle: 2 years and over","1993","000 Head","136.6"
"Number of Livestock in June (1991 - 2004)","South-West","Other cattle: 2 years and over","1994","000 Head","136.4"
"Number of Livestock in June (1991 - 2004)","South-West","Other cattle: 2 years and over","1995","000 Head","130.5"
"Number of Livestock in June (1991 - 2004)","South-West","Other cattle: 2 years and over","1996","000 Head","135.4"
"Number of Livestock in June (1991 - 2004)","South-West","Other cattle: 2 years and over","1997","000 Head","135"
"Number of Livestock in June (1991 - 2004)","South-West","Other cattle: 2 years and over","1998","000 Head","139.1"
"Number of Livestock in June (1991 - 2004)","South-West","Other cattle: 2 years and over","1999","000 Head","154.3"
"Number of Livestock in June (1991 - 2004)","South-West","Other cattle: 2 years and over","2000","000 Head","136.7"
"Number of Livestock in June (1991 - 2004)","South-West","Other cattle: 2 years and over","2001","000 Head","128.3"
"Number of Livestock in June (1991 - 2004)","South-West","Other cattle: 2 years and over","2002","000 Head","116.7"
"Number of Livestock in June (1991 - 2004)","South-West","Other cattle: 2 years and over","2003","000 Head","129"
"Number of Livestock in June (1991 - 2004)","South-West","Other cattle: 2 years and over","2004","000 Head","131.7"
"Number of Livestock in June (1991 - 2004)","South-West","Other cattle: 1-2 years","1991","000 Head","290.7"
"Number of Livestock in June (1991 - 2004)","South-West","Other cattle: 1-2 years","1992","000 Head","285.2"
"Number of Livestock in June (1991 - 2004)","South-West","Other cattle: 1-2 years","1993","000 Head","278.8"
"Number of Livestock in June (1991 - 2004)","South-West","Other cattle: 1-2 years","1994","000 Head","269.1"
"Number of Livestock in June (1991 - 2004)","South-West","Other cattle: 1-2 years","1995","000 Head","269.9"
"Number of Livestock in June (1991 - 2004)","South-West","Other cattle: 1-2 years","1996","000 Head","279.8"
"Number of Livestock in June (1991 - 2004)","South-West","Other cattle: 1-2 years","1997","000 Head","296.6"
"Number of Livestock in June (1991 - 2004)","South-West","Other cattle: 1-2 years","1998","000 Head","309"
"Number of Livestock in June (1991 - 2004)","South-West","Other cattle: 1-2 years","1999","000 Head","307.1"
"Number of Livestock in June (1991 - 2004)","South-West","Other cattle: 1-2 years","2000","000 Head","269"
"Number of Livestock in June (1991 - 2004)","South-West","Other cattle: 1-2 years","2001","000 Head","273.1"
"Number of Livestock in June (1991 - 2004)","South-West","Other cattle: 1-2 years","2002","000 Head","289.4"
"Number of Livestock in June (1991 - 2004)","South-West","Other cattle: 1-2 years","2003","000 Head","277.6"
"Number of Livestock in June (1991 - 2004)","South-West","Other cattle: 1-2 years","2004","000 Head","272.4"
"Number of Livestock in June (1991 - 2004)","South-West","Other cattle: under 1 year","1991","000 Head","371"
"Number of Livestock in June (1991 - 2004)","South-West","Other cattle: under 1 year","1992","000 Head","358"
"Number of Livestock in June (1991 - 2004)","South-West","Other cattle: under 1 year","1993","000 Head","366.1"
"Number of Livestock in June (1991 - 2004)","South-West","Other cattle: under 1 year","1994","000 Head","366.6"
"Number of Livestock in June (1991 - 2004)","South-West","Other cattle: under 1 year","1995","000 Head","369.2"
"Number of Livestock in June (1991 - 2004)","South-West","Other cattle: under 1 year","1996","000 Head","387.2"
"Number of Livestock in June (1991 - 2004)","South-West","Other cattle: under 1 year","1997","000 Head","411.1"
"Number of Livestock in June (1991 - 2004)","South-West","Other cattle: under 1 year","1998","000 Head","410.5"
"Number of Livestock in June (1991 - 2004)","South-West","Other cattle: under 1 year","1999","000 Head","383.2"
"Number of Livestock in June (1991 - 2004)","South-West","Other cattle: under 1 year","2000","000 Head","355.7"
"Number of Livestock in June (1991 - 2004)","South-West","Other cattle: under 1 year","2001","000 Head","405.7"
"Number of Livestock in June (1991 - 2004)","South-West","Other cattle: under 1 year","2002","000 Head","371.3"
"Number of Livestock in June (1991 - 2004)","South-West","Other cattle: under 1 year","2003","000 Head","373.7"
"Number of Livestock in June (1991 - 2004)","South-West","Other cattle: under 1 year","2004","000 Head","365.4"
